Code, Key, Date, Status, Method, Endpoint, IP
A001, , 29/06/2018 17:29:47, 404, GET, /doc/users.json, 192.168.1.27
A001, , 29/06/2018 17:29:47, 404, GET, /doc/examples.json, 192.168.1.27
A001, , 29/06/2018 17:29:47, 404, GET, /doc/auth.json, 192.168.1.27
A001, , 29/06/2018 17:30:03, 404, GET, /doc/auth.json, 192.168.1.27
A001, , 29/06/2018 17:30:03, 404, GET, /doc/users.json, 192.168.1.27
A001, , 29/06/2018 17:30:03, 404, GET, /doc/examples.json, 192.168.1.27
A001, , 29/06/2018 17:30:06, 404, GET, /doc/examples.json, 192.168.1.27
A001, , 29/06/2018 17:30:06, 404, GET, /doc/auth.json, 192.168.1.27
A001, , 29/06/2018 17:30:06, 404, GET, /doc/users.json, 192.168.1.27
A001, , 29/06/2018 17:30:10, 404, GET, /doc/users.json, 192.168.1.27
A001, , 29/06/2018 17:30:10, 404, GET, /doc/examples.json, 192.168.1.27
A001, , 29/06/2018 17:30:10, 404, GET, /doc/auth.json, 192.168.1.27
A001, , 29/06/2018 17:40:18, 404, GET, /doc/users.json, 192.168.1.27
A001, , 29/06/2018 17:40:18, 404, GET, /doc/auth.json, 192.168.1.27
A001, , 29/06/2018 17:40:18, 404, GET, /doc/examples.json, 192.168.1.27
A001, , 29/06/2018 17:40:28, 404, GET, /doc/examples.json, 192.168.1.27
A001, , 29/06/2018 17:40:28, 404, GET, /doc/auth.json, 192.168.1.27
A001, , 29/06/2018 17:40:28, 404, GET, /doc/users.json, 192.168.1.27
A001, , 29/06/2018 17:53:54, 404, GET, /doc/users.json, 192.168.1.27
A001, , 29/06/2018 17:53:54, 404, GET, /doc/examples.json, 192.168.1.27
A001, , 29/06/2018 17:53:54, 404, GET, /doc/auth.json, 192.168.1.27
A001, , 29/06/2018 18:26:16, 404, GET, /doc/users.json, 192.168.1.27
A001, , 29/06/2018 18:26:16, 404, GET, /doc/auth.json, 192.168.1.27
A001, , 29/06/2018 18:26:16, 404, GET, /doc/examples.json, 192.168.1.27
A001, , 29/06/2018 18:26:17, 404, GET, /doc/examples.json, 192.168.1.27
A001, , 29/06/2018 18:26:17, 404, GET, /doc/users.json, 192.168.1.27
A001, , 29/06/2018 18:26:17, 404, GET, /doc/auth.json, 192.168.1.27
A001, , 29/06/2018 18:57:31, 404, GET, /doc/users.json, 192.168.1.27
A001, , 29/06/2018 18:57:31, 404, GET, /doc/auth.json, 192.168.1.27
A001, , 29/06/2018 18:57:31, 404, GET, /doc/examples.json, 192.168.1.27
A001, , 29/06/2018 20:20:34, 404, GET, /doc/examples.json, 192.168.1.27
A001, , 29/06/2018 20:20:34, 404, GET, /doc/users.json, 192.168.1.27
A001, , 29/06/2018 20:20:34, 404, GET, /doc/auth.json, 192.168.1.27
A001, , 29/06/2018 20:20:37, 404, GET, /doc/users.json, 192.168.1.27
A001, , 29/06/2018 20:20:37, 404, GET, /doc/examples.json, 192.168.1.27
A001, , 29/06/2018 20:20:37, 404, GET, /doc/auth.json, 192.168.1.27
A001, , 29/06/2018 20:23:36, 404, GET, /doc/examples.json, 192.168.1.27
A001, , 29/06/2018 20:23:36, 404, GET, /doc/users.json, 192.168.1.27
A001, , 29/06/2018 20:23:36, 404, GET, /doc/auth.json, 192.168.1.27
A001, , 29/06/2018 20:27:52, 404, GET, /doc/auth.json, 192.168.1.27
A001, , 29/06/2018 20:27:52, 404, GET, /doc/examples.json, 192.168.1.27
A001, , 29/06/2018 20:27:52, 404, GET, /doc/users.json, 192.168.1.27
A001, , 29/06/2018 20:29:35, 404, GET, /doc/users.json, 192.168.1.27
A001, , 29/06/2018 20:29:35, 404, GET, /doc/examples.json, 192.168.1.27
A001, , 29/06/2018 20:29:35, 404, GET, /doc/auth.json, 192.168.1.27
A001, , 29/06/2018 20:30:25, 404, GET, /doc/examples.json, 192.168.1.27
A001, , 29/06/2018 20:30:25, 404, GET, /doc/auth.json, 192.168.1.27
A001, , 29/06/2018 20:30:25, 404, GET, /doc/users.json, 192.168.1.27
A001, , 29/06/2018 20:30:35, 404, GET, /doc/users.json, 192.168.1.27
A001, , 29/06/2018 20:30:35, 404, GET, /doc/auth.json, 192.168.1.27
A001, , 29/06/2018 20:30:35, 404, GET, /doc/examples.json, 192.168.1.27
A001, , 29/06/2018 20:30:52, 404, GET, /doc/users.json, 192.168.1.27
A001, , 29/06/2018 20:30:52, 404, GET, /doc/auth.json, 192.168.1.27
A001, , 29/06/2018 20:30:52, 404, GET, /doc/examples.json, 192.168.1.27
A001, , 29/06/2018 20:31:12, 404, GET, /doc/examples.json, 192.168.1.27
A001, , 29/06/2018 20:31:12, 404, GET, /doc/users.json, 192.168.1.27
A001, , 29/06/2018 20:31:12, 404, GET, /doc/auth.json, 192.168.1.27
A001, , 29/06/2018 20:31:57, 404, GET, /doc/examples.json, 192.168.1.27
A001, , 29/06/2018 20:31:57, 404, GET, /doc/users.json, 192.168.1.27
A001, , 29/06/2018 20:31:57, 404, GET, /doc/auth.json, 192.168.1.27
A001, , 29/06/2018 20:33:44, 404, GET, /doc/auth.json, 192.168.1.27
A001, , 29/06/2018 20:33:44, 404, GET, /doc/examples.json, 192.168.1.27
A001, , 29/06/2018 20:33:44, 404, GET, /doc/users.json, 192.168.1.27
A001, , 29/06/2018 20:34:13, 404, GET, /doc/examples.json, 192.168.1.27
A001, , 29/06/2018 20:34:13, 404, GET, /doc/users.json, 192.168.1.27
A001, , 29/06/2018 20:34:13, 404, GET, /doc/auth.json, 192.168.1.27
A001, , 29/06/2018 20:34:42, 404, GET, /doc/auth.json, 192.168.1.27
A001, , 29/06/2018 20:34:42, 404, GET, /doc/users.json, 192.168.1.27
A001, , 29/06/2018 20:34:42, 404, GET, /doc/examples.json, 192.168.1.27
A001, , 29/06/2018 20:34:59, 404, GET, /doc/users.json, 192.168.1.27
A001, , 29/06/2018 20:34:59, 404, GET, /doc/auth.json, 192.168.1.27
A001, , 29/06/2018 20:34:59, 404, GET, /doc/examples.json, 192.168.1.27
A001, , 29/06/2018 20:35:04, 404, GET, /doc/users.json, 192.168.1.27
A001, , 29/06/2018 20:35:04, 404, GET, /doc/examples.json, 192.168.1.27
A001, , 29/06/2018 20:35:04, 404, GET, /doc/auth.json, 192.168.1.27
A001, , 29/06/2018 20:35:26, 404, GET, /doc/examples.json, 192.168.1.27
A001, , 29/06/2018 20:35:26, 404, GET, /doc/users.json, 192.168.1.27
A001, , 29/06/2018 20:35:26, 404, GET, /doc/auth.json, 192.168.1.27
A001, , 29/06/2018 20:35:41, 404, GET, /doc/users.json, 192.168.1.27
A001, , 29/06/2018 20:35:41, 404, GET, /doc/auth.json, 192.168.1.27
A001, , 29/06/2018 20:35:41, 404, GET, /doc/examples.json, 192.168.1.27
A001, , 29/06/2018 20:37:05, 404, GET, /doc/examples.json, 192.168.1.27
A001, , 29/06/2018 20:37:05, 404, GET, /doc/auth.json, 192.168.1.27
A001, , 29/06/2018 20:37:05, 404, GET, /doc/users.json, 192.168.1.27
A001, , 29/06/2018 21:00:17, 404, GET, /doc/users.json, 192.168.1.27
A001, , 29/06/2018 21:00:17, 404, GET, /doc/examples.json, 192.168.1.27
A001, , 29/06/2018 21:00:17, 404, GET, /doc/auth.json, 192.168.1.27
A001, , 29/06/2018 21:00:31, 404, GET, /doc/users.json, 192.168.1.27
A001, , 29/06/2018 21:00:31, 404, GET, /doc/auth.json, 192.168.1.27
A001, , 29/06/2018 21:00:31, 404, GET, /doc/examples.json, 192.168.1.27
A001, , 29/06/2018 21:00:42, 404, GET, /doc/examples.json, 192.168.1.27
A001, , 29/06/2018 21:00:42, 404, GET, /doc/users.json, 192.168.1.27
A001, , 29/06/2018 21:00:42, 404, GET, /doc/auth.json, 192.168.1.27
A001, , 29/06/2018 21:03:15, 404, GET, /doc/auth.json, 192.168.1.27
A001, , 29/06/2018 21:03:16, 404, GET, /doc/examples.json, 192.168.1.27
A001, , 29/06/2018 21:03:16, 404, GET, /doc/users.json, 192.168.1.27
A001, , 29/06/2018 21:03:26, 404, GET, /doc/auth.json, 192.168.1.27
A001, , 29/06/2018 21:03:26, 404, GET, /doc/examples.json, 192.168.1.27
A001, , 29/06/2018 21:03:26, 404, GET, /doc/users.json, 192.168.1.27
A001, , 29/06/2018 21:03:48, 404, GET, /doc/auth.json, 192.168.1.27
A001, , 29/06/2018 21:03:48, 404, GET, /doc/examples.json, 192.168.1.27
A001, , 29/06/2018 21:03:48, 404, GET, /doc/users.json, 192.168.1.27
A001, , 29/06/2018 21:04:01, 404, GET, /doc/auth.json, 192.168.1.27
A001, , 29/06/2018 21:04:01, 404, GET, /doc/users.json, 192.168.1.27
A001, , 29/06/2018 21:04:01, 404, GET, /doc/examples.json, 192.168.1.27
A001, , 29/06/2018 21:17:09, 404, GET, /doc/examples.json, 192.168.1.27
A001, , 29/06/2018 21:17:09, 404, GET, /doc/auth.json, 192.168.1.27
A001, , 29/06/2018 21:17:09, 404, GET, /doc/users.json, 192.168.1.27
A001, , 29/06/2018 21:17:12, 404, GET, /doc/auth.json, 192.168.1.27
A001, , 29/06/2018 21:17:12, 404, GET, /doc/users.json, 192.168.1.27
A001, , 29/06/2018 21:17:12, 404, GET, /doc/examples.json, 192.168.1.27
A001, , 29/06/2018 21:17:13, 404, GET, /doc/users.json, 192.168.1.27
A001, , 29/06/2018 21:17:13, 404, GET, /doc/auth.json, 192.168.1.27
A001, , 29/06/2018 21:17:13, 404, GET, /doc/examples.json, 192.168.1.27
A001, , 29/06/2018 21:17:52, 404, GET, /doc/auth.json, 192.168.1.27
A001, , 29/06/2018 21:17:52, 404, GET, /doc/users.json, 192.168.1.27
A001, , 29/06/2018 21:17:52, 404, GET, /doc/examples.json, 192.168.1.27
A001, , 29/06/2018 21:24:31, 404, GET, /doc/auth.json, 192.168.1.27
A001, , 29/06/2018 21:24:31, 404, GET, /doc/examples.json, 192.168.1.27
A001, , 29/06/2018 21:24:31, 404, GET, /doc/users.json, 192.168.1.27
A001, , 29/06/2018 21:25:10, 404, GET, /doc/users.json, 192.168.1.27
A001, , 29/06/2018 21:25:10, 404, GET, /doc/auth.json, 192.168.1.27
A001, , 29/06/2018 21:25:10, 404, GET, /doc/examples.json, 192.168.1.27
A001, , 29/06/2018 21:25:28, 404, GET, /doc/users.json, 192.168.1.27
A001, , 29/06/2018 21:25:28, 404, GET, /doc/auth.json, 192.168.1.27
A001, , 29/06/2018 21:25:28, 404, GET, /doc/examples.json, 192.168.1.27
A001, , 29/06/2018 21:25:43, 404, GET, /doc/auth.json, 192.168.1.27
A001, , 29/06/2018 21:25:43, 404, GET, /doc/users.json, 192.168.1.27
A001, , 29/06/2018 21:25:43, 404, GET, /doc/examples.json, 192.168.1.27
A001, , 29/06/2018 21:26:08, 404, GET, /doc/users.json, 192.168.1.27
A001, , 29/06/2018 21:26:08, 404, GET, /doc/examples.json, 192.168.1.27
A001, , 29/06/2018 21:26:08, 404, GET, /doc/auth.json, 192.168.1.27
A001, , 29/06/2018 21:26:23, 404, GET, /doc/examples.json, 192.168.1.27
A001, , 29/06/2018 21:26:23, 404, GET, /doc/users.json, 192.168.1.27
A001, , 29/06/2018 21:26:23, 404, GET, /doc/auth.json, 192.168.1.27
A001, , 29/06/2018 21:29:07, 404, GET, /doc/examples.json, 192.168.1.27
A001, , 29/06/2018 21:29:07, 404, GET, /doc/users.json, 192.168.1.27
A001, , 29/06/2018 21:29:07, 404, GET, /doc/auth.json, 192.168.1.27
A001, , 29/06/2018 21:29:26, 404, GET, /doc/examples.json, 192.168.1.27
A001, , 29/06/2018 21:29:26, 404, GET, /doc/auth.json, 192.168.1.27
A001, , 29/06/2018 21:29:26, 404, GET, /doc/users.json, 192.168.1.27
A001, , 29/06/2018 21:29:39, 404, GET, /doc/examples.json, 192.168.1.27
A001, , 29/06/2018 21:29:39, 404, GET, /doc/users.json, 192.168.1.27
A001, , 29/06/2018 21:29:39, 404, GET, /doc/auth.json, 192.168.1.27
A001, , 29/06/2018 21:30:02, 404, GET, /doc/users.json, 192.168.1.27
A001, , 29/06/2018 21:30:02, 404, GET, /doc/examples.json, 192.168.1.27
A001, , 29/06/2018 21:30:02, 404, GET, /doc/auth.json, 192.168.1.27
A001, , 29/06/2018 21:30:13, 404, GET, /doc/users.json, 192.168.1.27
A001, , 29/06/2018 21:30:13, 404, GET, /doc/examples.json, 192.168.1.27
A001, , 29/06/2018 21:30:13, 404, GET, /doc/auth.json, 192.168.1.27
A001, , 29/06/2018 21:30:24, 404, GET, /doc/auth.json, 192.168.1.27
A001, , 29/06/2018 21:30:24, 404, GET, /doc/examples.json, 192.168.1.27
A001, , 29/06/2018 21:30:24, 404, GET, /doc/users.json, 192.168.1.27
A001, , 29/06/2018 21:30:33, 404, GET, /doc/users.json, 192.168.1.27
A001, , 29/06/2018 21:30:33, 404, GET, /doc/examples.json, 192.168.1.27
A001, , 29/06/2018 21:30:33, 404, GET, /doc/auth.json, 192.168.1.27
A001, , 29/06/2018 21:31:42, 404, GET, /doc/examples.json, 192.168.1.27
A001, , 29/06/2018 21:31:42, 404, GET, /doc/auth.json, 192.168.1.27
A001, , 29/06/2018 21:31:42, 404, GET, /doc/users.json, 192.168.1.27
A001, , 29/06/2018 21:32:17, 404, GET, /doc/examples.json, 192.168.1.27
A001, , 29/06/2018 21:32:17, 404, GET, /doc/users.json, 192.168.1.27
A001, , 29/06/2018 21:32:17, 404, GET, /doc/auth.json, 192.168.1.27
A001, , 29/06/2018 21:32:41, 404, GET, /doc/users.json, 192.168.1.27
A001, , 29/06/2018 21:32:41, 404, GET, /doc/examples.json, 192.168.1.27
A001, , 29/06/2018 21:32:41, 404, GET, /doc/auth.json, 192.168.1.27
A001, , 29/06/2018 21:33:17, 404, GET, /doc/users.json, 192.168.1.27
A001, , 29/06/2018 21:33:17, 404, GET, /doc/auth.json, 192.168.1.27
A001, , 29/06/2018 21:33:17, 404, GET, /doc/examples.json, 192.168.1.27
A001, , 29/06/2018 21:33:54, 404, GET, /doc/users.json, 192.168.1.27
A001, , 29/06/2018 21:33:54, 404, GET, /doc/examples.json, 192.168.1.27
A001, , 29/06/2018 21:33:54, 404, GET, /doc/auth.json, 192.168.1.27
A001, , 29/06/2018 21:34:52, 404, GET, /doc/users.json, 192.168.1.27
A001, , 29/06/2018 21:34:52, 404, GET, /doc/auth.json, 192.168.1.27
A001, , 29/06/2018 21:34:52, 404, GET, /doc/examples.json, 192.168.1.27
A001, , 29/06/2018 21:36:10, 404, GET, /doc/examples.json, 192.168.1.27
A001, , 29/06/2018 21:36:10, 404, GET, /doc/users.json, 192.168.1.27
A001, , 29/06/2018 21:36:10, 404, GET, /doc/auth.json, 192.168.1.27
A001, , 29/06/2018 21:36:44, 404, GET, /doc/examples.json, 192.168.1.27
A001, , 29/06/2018 21:36:44, 404, GET, /doc/auth.json, 192.168.1.27
A001, , 29/06/2018 21:36:44, 404, GET, /doc/users.json, 192.168.1.27
A001, , 29/06/2018 21:36:45, 404, GET, /doc/examples.json, 192.168.1.27
A001, , 29/06/2018 21:36:45, 404, GET, /doc/auth.json, 192.168.1.27
A001, , 29/06/2018 21:36:45, 404, GET, /doc/users.json, 192.168.1.27
A001, , 29/06/2018 21:37:11, 404, GET, /doc/examples.json, 192.168.1.27
A001, , 29/06/2018 21:37:11, 404, GET, /doc/users.json, 192.168.1.27
A001, , 29/06/2018 21:37:11, 404, GET, /doc/auth.json, 192.168.1.27
A001, , 29/06/2018 21:37:20, 404, GET, /doc/examples.json, 192.168.1.27
A001, , 29/06/2018 21:37:20, 404, GET, /doc/auth.json, 192.168.1.27
A001, , 29/06/2018 21:37:20, 404, GET, /doc/users.json, 192.168.1.27
A001, , 29/06/2018 21:37:41, 404, GET, /doc/users.json, 192.168.1.27
A001, , 29/06/2018 21:37:41, 404, GET, /doc/auth.json, 192.168.1.27
A001, , 29/06/2018 21:37:41, 404, GET, /doc/examples.json, 192.168.1.27
A001, , 29/06/2018 21:37:56, 404, GET, /doc/users.json, 192.168.1.27
A001, , 29/06/2018 21:37:56, 404, GET, /doc/examples.json, 192.168.1.27
A001, , 29/06/2018 21:37:56, 404, GET, /doc/auth.json, 192.168.1.27
A001, , 29/06/2018 21:38:26, 404, GET, /doc/examples.json, 192.168.1.27
A001, , 29/06/2018 21:38:26, 404, GET, /doc/auth.json, 192.168.1.27
A001, , 29/06/2018 21:38:26, 404, GET, /doc/users.json, 192.168.1.27
A001, , 29/06/2018 21:38:33, 404, GET, /doc/users.json, 192.168.1.27
A001, , 29/06/2018 21:38:33, 404, GET, /doc/examples.json, 192.168.1.27
A001, , 29/06/2018 21:38:33, 404, GET, /doc/auth.json, 192.168.1.27
A001, , 29/06/2018 21:39:18, 404, GET, /doc/users.json, 192.168.1.27
A001, , 29/06/2018 21:39:18, 404, GET, /doc/examples.json, 192.168.1.27
A001, , 29/06/2018 21:39:18, 404, GET, /doc/auth.json, 192.168.1.27
A001, , 29/06/2018 21:39:32, 404, GET, /doc/users.json, 192.168.1.27
A001, , 29/06/2018 21:39:32, 404, GET, /doc/examples.json, 192.168.1.27
A001, , 29/06/2018 21:39:32, 404, GET, /doc/auth.json, 192.168.1.27
A001, , 29/06/2018 21:39:41, 404, GET, /doc/users.json, 192.168.1.27
A001, , 29/06/2018 21:39:41, 404, GET, /doc/examples.json, 192.168.1.27
A001, , 29/06/2018 21:39:41, 404, GET, /doc/auth.json, 192.168.1.27
A001, , 30/06/2018 11:44:40, 404, GET, /doc/auth.json, 192.168.1.27
A001, , 30/06/2018 11:44:40, 404, GET, /doc/users.json, 192.168.1.27
A001, , 30/06/2018 11:44:40, 404, GET, /doc/examples.json, 192.168.1.27
A001, , 30/06/2018 11:44:49, 404, GET, /doc/examples.json, 192.168.1.27
A001, , 30/06/2018 11:44:49, 404, GET, /doc/users.json, 192.168.1.27
A001, , 30/06/2018 11:44:49, 404, GET, /doc/auth.json, 192.168.1.27
A001, , 30/06/2018 11:55:42, 404, GET, /doc/examples.json, 192.168.1.27
A001, , 30/06/2018 11:55:42, 404, GET, /doc/auth.json, 192.168.1.27
A001, , 30/06/2018 11:55:42, 404, GET, /doc/users.json, 192.168.1.27
A001, , 30/06/2018 12:00:36, 404, GET, /doc/users.json, 192.168.1.27
A001, , 30/06/2018 12:00:36, 404, GET, /doc/auth.json, 192.168.1.27
A001, , 30/06/2018 12:00:36, 404, GET, /doc/examples.json, 192.168.1.27
A001, , 30/06/2018 12:03:53, 404, GET, /doc/auth.json, 192.168.1.27
A001, , 30/06/2018 12:03:53, 404, GET, /doc/users.json, 192.168.1.27
A001, , 30/06/2018 12:03:53, 404, GET, /doc/examples.json, 192.168.1.27
A001, , 30/06/2018 12:09:33, 404, GET, /doc/users.json, 192.168.1.27
A001, , 30/06/2018 12:09:33, 404, GET, /doc/examples.json, 192.168.1.27
A001, , 30/06/2018 12:09:33, 404, GET, /doc/auth.json, 192.168.1.27
A001, , 30/06/2018 13:44:42, 404, POST, /docs, 192.168.1.27
A001, , 30/06/2018 13:45:35, 404, POST, /docs, 192.168.1.27
A003, , 30/06/2018 13:47:22, 401, POST, /auth, 192.168.1.27
A003, , 30/06/2018 13:47:26, 401, POST, /auth, 192.168.1.27
A003, , 30/06/2018 13:47:28, 401, POST, /auth, 192.168.1.27
A002, , 30/06/2018 15:29:12, 401, POST, /examples, 192.168.1.27
A004, , 30/06/2018 15:33:05, 401, POST, /auth, 192.168.1.27
A001, , 01/07/2018 13:53:59, 404, POST, /examples/:slug-:id, 192.168.1.13
A001, , 01/07/2018 14:03:05, 404, POST, /examples/:slug-:id, 192.168.1.13
A001, , 01/07/2018 14:03:25, 404, POST, /examples/:slug-:id, 192.168.1.13
A004, , 01/07/2018 19:49:18, 401, POST, /auth, 192.168.1.13
A004, , 01/07/2018 19:50:03, 401, POST, /auth, 192.168.1.13
A004, , 01/07/2018 19:53:53, 401, POST, /auth, 192.168.1.13
A004, , 01/07/2018 19:55:22, 401, POST, /auth, 192.168.1.13
A004, , 01/07/2018 19:55:26, 401, POST, /auth, 192.168.1.13
A004, , 01/07/2018 19:55:26, 401, POST, /auth, 192.168.1.13
A004, , 01/07/2018 19:55:27, 401, POST, /auth, 192.168.1.13
A004, , 01/07/2018 19:55:42, 401, POST, /auth, 192.168.1.13
A004, , 01/07/2018 19:56:57, 401, POST, /auth, 192.168.1.13
A001, , 01/07/2018 20:10:39, 404, GET, /examples/-?email=&password=&name=&age=, 192.168.1.13
A001, , 01/07/2018 20:15:28, 404, GET, /examples/-, 192.168.1.13
A001, , 01/07/2018 20:15:50, 404, GET, /examples/-, 192.168.1.13
A002, , 01/07/2018 20:19:20, 401, POST, /examples, 192.168.1.13
A003, , 01/07/2018 20:20:58, 401, POST, /examples, 192.168.1.13
A003, , 01/07/2018 20:23:33, 401, POST, /examples, 192.168.1.13
A003, , 01/07/2018 21:54:54, 401, POST, /examples, 192.168.1.13
A003, , 01/07/2018 21:56:18, 401, POST, /examples, 192.168.1.13
A003, , 01/07/2018 23:10:28, 401, POST, /examples, 192.168.1.13
A003, , 01/07/2018 23:10:43, 401, POST, /examples, 192.168.1.13
A003, , 01/07/2018 23:13:21, 401, POST, /examples, 192.168.1.13
A003, , 01/07/2018 23:14:10, 401, POST, /examples, 192.168.1.13
A003, , 01/07/2018 23:15:24, 401, POST, /examples, 192.168.1.13
A002, , 01/07/2018 23:30:14, 401, POST, /examples, 192.168.1.13
A004, , 03/07/2018 11:36:47, 401, POST, /auth, 192.168.1.13